word,frequency,category,source
delve,10,verb,https://gptzero.me/ai-vocabulary
elevate,10,verb,https://gptzero.me/ai-vocabulary
whilst,9,conjunction,https://gptzero.me/ai-vocabulary
tapestry,9,noun,https://gptzero.me/ai-vocabulary
furthermore,8,conjunction,https://gptzero.me/ai-vocabulary
navigate,8,verb,https://gptzero.me/ai-vocabulary
captivate,8,verb,https://gptzero.me/ai-vocabulary
testament,8,noun,https://gptzero.me/ai-vocabulary
indeed,7,adverb,https://gptzero.me/ai-vocabulary
utilize,7,verb,https://gptzero.me/ai-vocabulary
leverage,7,verb,https://gptzero.me/ai-vocabulary
robust,7,adjective,https://gptzero.me/ai-vocabulary
optimal,7,adjective,https://gptzero.me/ai-vocabulary
nuanced,7,adjective,https://gptzero.me/ai-vocabulary
enhance,7,verb,https://gptzero.me/ai-vocabulary
facilitate,7,verb,https://gptzero.me/ai-vocabulary
comprehensive,7,adjective,https://gptzero.me/ai-vocabulary
showcase,6,verb,https://gptzero.me/ai-vocabulary
essentially,6,adverb,https://gptzero.me/ai-vocabulary
ultimately,6,adverb,https://gptzero.me/ai-vocabulary
myriad,6,adjective,https://gptzero.me/ai-vocabulary
seamless,6,adjective,https://gptzero.me/ai-vocabulary
plethora,6,noun,https://gptzero.me/ai-vocabulary
harness,6,verb,https://gptzero.me/ai-vocabulary
innovative,6,adjective,https://gptzero.me/ai-vocabulary
streamline,6,verb,https://gptzero.me/ai-vocabulary
synergy,6,noun,https://gptzero.me/ai-vocabulary
paradigm,6,noun,https://gptzero.me/ai-vocabulary
empower,6,verb,https://gptzero.me/ai-vocabulary
revolutionize,6,verb,https://gptzero.me/ai-vocabulary
transformative,6,adjective,https://gptzero.me/ai-vocabulary
ecosystem,5,noun,https://gptzero.me/ai-vocabulary
unprecedented,5,adjective,https://gptzero.me/ai-vocabulary
cultivate,5,verb,https://gptzero.me/ai-vocabulary
catalyst,5,noun,https://gptzero.me/ai-vocabulary
disrupt,5,verb,https://gptzero.me/ai-vocabulary
holistic,5,adjective,https://gptzero.me/ai-vocabulary
cutting-edge,5,adjective,https://gptzero.me/ai-vocabulary
sustainable,5,adjective,https://gptzero.me/ai-vocabulary
innovative,5,adjective,https://gptzero.me/ai-vocabulary
strategic,5,adjective,https://gptzero.me/ai-vocabulary
foster,5,verb,https://gptzero.me/ai-vocabulary
streamlined,5,adjective,https://gptzero.me/ai-vocabulary
implementation,5,noun,https://gptzero.me/ai-vocabulary
integration,5,noun,https://gptzero.me/ai-vocabulary
methodology,5,noun,https://gptzero.me/ai-vocabulary
functionality,5,noun,https://gptzero.me/ai-vocabulary
optimization,5,noun,https://gptzero.me/ai-vocabulary
infrastructure,5,noun,https://gptzero.me/ai-vocabulary
initiative,5,noun,https://gptzero.me/ai-vocabulary
KW,5,general,https://gptzero.me/ai-vocabulary